Topic,Top_Words
Topic_1,"सम, सफर रष, बन जव, हत गए, गए रश, जव पय, एव छल, रश सम, रष सम, इस लग, दन सन, लग आव, करन एव, सम करन, सन दर"
Topic_2,"the, to, of, and, is, in, for, my, on, not, this, have, that, no, as"
Topic_3,"pg, pg ba, ba, pg md, pg sn, sn, md, pg ra, ra, pg rj, rj, pg mum, mum, pg dul, dul"
Topic_4,"कर, पर, मह, रह, नह, और, दय, मह दय, गय, पत, यत, रत, अन, करन, अध"
Topic_5,"pf, not provided, provided, office, uan, no not, no, pf account, pf office, uan no, provided pf, account, scheme certificate, pf code, not"
Topic_6,"god, 2021, ordered, dated, family members, respect, thakur, shri, members, epfo, ahmedabad, person, enquiry, of india, try to"
Topic_7,"sts, been sent, sent to, copy, sent, has been, has, been, sts gist, cs, dfs, to, letter, 2023 as, not"
Topic_8,"oral representation, representation, oral, applicant, the applicant, details, received, wherever required, nb complaints, representation received, per oral, details wherever, applicant department, received over, representation given"
Topic_9,"tv, sub, petition, fully scanned, not fully, sent shortly, petition along, enclosures which, enclosures, being sent, scanned action, its enclosures, the petition, shortly, of hard"
Topic_10,"pg sat, sat, pg, pg mum, mum, pg dul, dul, sat gist, pg rj, rj, 54, 99, 67, 120, 41"
