topic,top_words,top_word_scores
1,"सफर करन, सफर, करन, करन करन, समस करन, करन आपक, तरक, सफर सफर, आपस करन, सरक तरफ, करन complaints, आवश करन, धनर, करव करन, करत करन","4.3422, 4.1794, 3.2494, 0.0132, 0.0045, 0.0040, 0.0031, 0.0031, 0.0026, 0.0026, 0.0025, 0.0024, 0.0021, 0.0019, 0.0019"
2,"issue, complaint, request, service, financial, services, near, india, time, area, concerned, needs, division, problem, help","1.3437, 0.9601, 0.9273, 0.8587, 0.8130, 0.7919, 0.7861, 0.7772, 0.7108, 0.6884, 0.6439, 0.6320, 0.6269, 0.6093, 0.6069"
3,"oral representation, representation, oral, applicant, gap required, applicant gap, applicant contact, phone oral, complaints phone, contact applicant, representation given, given applicant, gap, representation follows, follows","1.5483, 1.4986, 1.4213, 1.4007, 0.9145, 0.9145, 0.9145, 0.9145, 0.9143, 0.9143, 0.9138, 0.9124, 0.9046, 0.8180, 0.7653"
4,"direct taxes, taxes, direct, tax, income, refund, income tax, pan, assessment, demand, taxes income, assessment year, board direct, board, year","1.0060, 0.9978, 0.9709, 0.9476, 0.9287, 0.9035, 0.8887, 0.7603, 0.6851, 0.6495, 0.6411, 0.6389, 0.6368, 0.5827, 0.5785"
5,"करन, अपन, आपक, सरक, समस, करत, करव, उसक, आपस, समय, करक, तहस, इसक, उनक, आवश","1.7205, 1.3604, 1.3202, 1.3073, 1.0998, 1.0793, 1.0467, 0.7995, 0.7950, 0.7815, 0.7761, 0.7624, 0.7327, 0.6707, 0.5741"
6,"god, ordered, family members, respect, members, person, dated, thakur, ahmedabad, epfo, enquiry, shri, try, kill, order","0.8312, 0.5996, 0.5793, 0.5683, 0.5594, 0.5538, 0.5532, 0.5498, 0.5494, 0.5467, 0.5376, 0.5369, 0.5323, 0.5286, 0.5271"
7,"land, seeding, land seeding, installments, pmkisan, kisan, agriculture, agriculture farmers, farmers, farmers welfare, pmkisan issues, welfare pmkisan, installment, welfare, installments issue","1.7782, 1.6780, 1.6583, 0.8581, 0.7377, 0.6942, 0.5731, 0.5662, 0.5571, 0.5564, 0.5544, 0.5544, 0.5074, 0.4897, 0.4695"
8,"employment, labour employment, labour, code, establishment, regional, code regional, epfo, withdrawal, claim, employer, transfer, employment epfo, epfo establishment, form","0.9609, 0.9539, 0.9482, 0.9138, 0.8887, 0.8231, 0.7912, 0.6255, 0.5716, 0.4973, 0.4793, 0.4588, 0.4419, 0.4355, 0.4135"
9,"post, delivery, posts, booking, articles, postal, track, non delivery, postal articles, pincode, delivery abstraction, abstraction postal, abstraction, track trace, booking pincode","0.8600, 0.8548, 0.7311, 0.7187, 0.7007, 0.6762, 0.6675, 0.6672, 0.6664, 0.6646, 0.6644, 0.6644, 0.6644, 0.6642, 0.6635"
10,"bulandshahr, complainant, asp, nagar bulandshahr, officers, testimony, phone testimony, asp nagar, anukriti, bulandshahr anukriti, anukriti sharma, police officers, hpo, singh, nagar","0.6232, 0.4194, 0.4016, 0.4009, 0.3332, 0.3303, 0.3253, 0.3231, 0.3230, 0.3230, 0.3230, 0.3223, 0.3201, 0.3179, 0.3079"
